feedstock_type,conversion_route,moisture_pct,organic_fraction_pct,ash_pct,carbon_nitrogen_ratio,lower_heating_value_mj_kg,contamination_pct,temperature_c,hydraulic_retention_time_d,residence_time_min,oxygen_equivalence_ratio,ph,pretreatment_intensity,sensor_coverage,data_quality_index,collection_distance_km,seasonality_index,local_energy_demand_index,vulnerable_population_index,sorting_efficiency,net_energy_mwh_t,net_emissions_kgco2e_t,operating_cost_usd_t,material_recovery_index,reliability_index,exposure_index,carbon_avoidance_index,economic_viability_index,environmental_justice_index,ai_circularity_score,energy_objective,emission_objective,cost_objective,exposure_objective,reliability_objective,circularity_objective,pareto_efficient,composite_governance_score
agricultural_residues,hybrid_biorefinery,25.524520430267437,68.2211019019574,4.770157603468115,39.60896598010803,20.273860495204968,0.5,562.0924139325624,21.688887714670336,47.34540553809098,0.17249781600517824,7.921680122561981,0.5803967948179432,0.7726028308845677,0.7656537309686338,11.014516997026876,-0.21787759863650663,0.45817301737478655,0.5889021610261151,0.8333305723133093,1.3426130063054327,-100.65484169082912,96.10703516460927,0.98,0.9773159483978107,0.11785044694316545,0.8328697186774783,0.7895483605208307,0.8821495530568345,92.7461147736918,0.9474840683582088,0.952226289925977,0.6096297608752511,0.8258433849192769,0.9912992275358349,1.0,True,89.55917010708299
agricultural_residues,hybrid_biorefinery,21.819399600749648,69.2183478631861,6.229024120517717,36.48452154095176,19.100494486079437,0.5,435.7642316495491,29.936923404238865,59.99649259110564,0.11196881898602254,7.504526076207991,0.7086021999903068,0.8241836755358702,0.7636277861465741,39.06107516610038,-0.2849349256879997,0.654279402681605,0.22996615496437872,0.3773676970217904,1.4142583020369515,-91.81177318611492,118.35487329817423,0.8875301002546722,0.98,0.04421994312705952,0.8099007095743245,0.688216440668265,0.9557800568729404,89.34965859806421,1.0,0.9355325393959989,0.4343501135836584,0.9447417267876125,1.0,0.9481518568857118,True,89.10786935509735
agricultural_residues,hybrid_biorefinery,8.0,74.41125085054748,7.477689051128354,46.1892070862866,19.114167325004942,2.0146195941584444,648.0234161070192,23.596792673015713,13.15053154710536,0.2013715293302682,7.06845255031562,0.7100148101039743,0.7071161585486736,0.7884093073322653,3.749300123240616,-0.3696506928192543,0.6861323905868273,0.34761821231980355,0.711480773221841,1.281927834158926,-125.96168871422798,96.68005306502543,0.9605690409546691,0.9407736347053529,0.07782922823711624,0.8986017888681247,0.7731817389621982,0.9221707717628838,89.2106635668084,0.9030018965760039,1.0,0.605115237941664,0.8904695425180844,0.8728416105165202,0.9460300470050369,True,88.3162200744714
agricultural_residues,hybrid_biorefinery,24.55563514231268,70.20141223662742,2.270192787174384,39.781808240865836,18.71810358625874,0.5,539.9267335857633,25.418427777780646,44.170944903748,0.264617464415502,7.370816150225161,0.10043430394022197,0.9273260513957462,0.8751366056084511,14.992151556044192,0.8135997943572361,0.7116504545679083,0.4215214669348805,0.7541604055311979,1.1865139051951628,-99.18100245446306,86.27481667333109,0.9330748456980172,0.98,0.07445413987092099,0.8290415648167871,0.8069550766517195,0.925545860129079,86.23223348200237,0.8330635800407098,0.949444008580981,0.6870929183694199,0.8959196262415636,1.0,0.9005632247327341,True,87.71421092677153
agricultural_residues,hybrid_biorefinery,31.838491071910074,71.81543493080974,8.897577168907569,35.884928031103215,17.880610357736074,0.5,413.12118439338064,23.453620865487004,42.82576305427559,0.01,7.771002116568128,0.855640800307188,0.6546251185439369,0.7437768560544138,7.6846317953600725,0.024359871725552214,0.6532355190617948,0.2560913317141364,0.6524142263342453,1.2632368205290767,-82.1487754181855,104.08406756793167,0.9680548206081364,0.9653431530552574,0.055835057055764116,0.784802014073209,0.7301012185799145,0.9441649429442359,87.39059983941843,0.8893014018808703,0.9172909444085176,0.5467826915243421,0.9259856716859943,0.9524875415195897,0.9182461099438135,True,86.46437181432658
agricultural_residues,hybrid_biorefinery,23.166317631949784,74.34789799262546,6.599960232236031,40.65153580864186,19.434507148658593,0.5,680.5503663179885,25.62370034013521,34.72384058729102,0.16386094923339406,6.618429509760713,0.5396937483833509,0.7227941122723435,0.7557621412716842,15.791237463319801,-0.7585580893587172,0.648045016989636,0.15951228492888075,0.5545103969577988,1.0983360960366597,-84.5216810967884,94.95088802206895,0.9183030991101178,0.9656520539818557,0.03312748800648416,0.7909654054462035,0.7418924252224391,0.9668725119935159,85.02443499240272,0.7684293322396547,0.9217704636397265,0.618738468972867,0.9626537938349773,0.9534888921173611,0.8821257399827909,True,84.84659737989824
agricultural_residues,hybrid_biorefinery,10.842873093675408,70.1203655675542,7.942433884091784,40.18589925969985,17.004252692998723,0.5,687.7616993325382,24.473895932030793,34.466701328118866,0.08853662112418832,7.081968321122483,0.7999970652190161,0.8738711056902948,0.8478485056195724,17.13738457951946,-0.7670463958681466,0.6873022021225662,0.36025233320960937,0.40310419857878094,1.1817198502140307,-72.30788500745274,107.5625823099877,0.9012758148622165,0.98,0.06655530945977263,0.7592412597596175,0.6938595127839936,0.9334446905402274,87.73424903489072,0.8295495424321615,0.8987135275964631,0.5193772045990159,0.9086746365961076,1.0,0.9234920403332039,True,84.68162606105459
agricultural_residues,hybrid_biorefinery,27.66935783850557,73.19923209808,12.889820473981617,49.75589200418047,18.34670620891702,0.7184745176237892,662.7371003166988,26.111866512876233,68.37444405105987,0.2056288460826775,7.1221331028327,0.5510792324707336,0.8364081387017271,0.8236140950159627,15.205923764343229,-0.905131121160476,0.7208383414858847,0.2900957219222775,0.8829878050137785,1.1612000803659233,-83.3593149526712,106.68601576693818,0.98,0.9667853264925909,0.055768625108764576,0.7879462726043407,0.6939586715387231,0.9442313748912354,84.61706356220333,0.8145085712191077,0.9195761743583485,0.526283236257954,0.9260929458174475,0.9571625719556164,0.8759070664237989,True,83.97238226219682
agricultural_residues,hybrid_biorefinery,28.71107068258465,69.8709387686769,6.929479796550792,37.80533568672988,19.410165476379813,0.8778187495377274,771.7259858873126,25.681890196559436,36.34914069274231,0.22750743326317535,7.9348535050652185,0.25250596389540947,0.9530436275291879,0.8198563035353659,33.54693675727528,0.9209004912543782,0.636566628697022,0.47280098321202113,0.580596274781416,1.279156226661911,-46.62898353560292,110.891188501195,0.8992048145602227,0.98,0.08300747620847902,0.6925428143781894,0.6977765356488046,0.916992523791521,84.26679568329703,0.9009703109936573,0.8502374613049464,0.49315277255915824,0.882107721456588,1.0,0.8705600994161896,True,83.75113733106663
agricultural_residues,hybrid_biorefinery,20.239358079178764,73.41990633207409,12.213411284382568,34.59725018686202,17.461386669224062,3.4746869691071907,633.5311846151034,27.60182219223998,56.540562560076054,0.12014680647484124,7.380466566548407,0.9247601697225558,0.808547178818791,0.8186934035615585,27.745843275776213,-0.9796366233276104,0.5884417438549338,0.27556610430771816,0.6897969468149818,1.1779887770034498,-84.85538271900981,117.75913854363847,0.9621072414977996,0.9776332017827656,0.06058019472620785,0.791832162906519,0.6393725912373986,0.9394198052737921,83.84089783836124,0.8268146694209363,0.9224004182340897,0.4390436113081332,0.9183232359873088,0.9923276539318577,0.8640586133747225,True,83.23575813038342
agricultural_residues,hybrid_biorefinery,22.28141378817255,72.63653003435796,6.151914393344745,37.843414464539684,19.94500998757619,0.5,638.7346399431598,19.9578064584318,49.88320606966353,0.14151217583857967,6.986166609937114,0.7148428392752737,0.6214219479636837,0.7266998649134271,29.133387250018146,-0.8976664403693846,0.8200388220322978,0.038701835272609154,0.630459548781463,1.1740433002005088,-50.07804669027523,109.38879016753724,0.9513023143373877,0.9532559606533172,0.01,0.7015014199747409,0.6825590514781265,0.99,83.73245399699572,0.8239226387863782,0.8567485269871296,0.5049894215150725,1.0,0.9133050195687881,0.862403178557889,True,82.90184492165046
agricultural_residues,hybrid_biorefinery,24.466430836755077,65.15063597301015,8.742774323631211,38.38202213868141,19.312383025706264,3.592587757583101,586.7873050180627,30.191932545508244,37.721544232830524,0.20433336731312113,8.114431606933358,0.2660520380951724,0.582504826571632,0.6841850559910971,4.754200665849247,-0.6020141017068892,0.6844279614948293,0.49857147218818,0.6485810541876206,1.238904397407317,-80.65810407292005,91.8158620724747,0.8982813122914373,0.9162653710031136,0.12951088312262518,0.7809301404491431,0.7893175881007957,0.8704891168773748,83.18654158667712,0.8714657595502139,0.9144768877779732,0.6434377786044774,0.807014143567596,0.7933942460206194,0.8540696263745359,True,82.75325077623789
agricultural_residues,hybrid_biorefinery,26.584663973919437,73.59648952739778,9.418730242517382,37.320877804227635,20.319411093364746,0.6338709407477872,680.7921673583332,18.354660783648082,55.86470208008931,0.07237602735502054,7.357924089799719,0.659219941271091,0.8211139508595762,0.8676776967289646,14.61789012872853,-0.1615741062509811,0.5371882874836033,0.5952689713079066,0.3747868386077027,1.2181678056318725,-45.77380126617776,102.56858418938391,0.8819972083683785,0.98,0.11540885965518743,0.6903215617303319,0.7281622636106756,0.8845911403448126,83.89284536559933,0.8562658580766564,0.8486230669964738,0.5587224310385093,0.8297860535826942,1.0,0.8648516113371283,True,82.74064960668487
agricultural_residues,hybrid_biorefinery,16.576161213320653,67.38798563625646,9.614811812809643,40.35498149108094,20.133734821446346,3.538256951641472,744.6874379981206,27.686183606740585,56.33289883518529,0.15838423058766307,7.405229028230416,0.545373823951987,0.5114112315469186,0.6598424810864376,14.514276768784727,0.14136373297931354,0.9589501410482293,0.19323908404270781,0.5741003150402199,1.28938585898952,-66.79148333834556,112.40821067354766,0.9023871860147237,0.897714960626181,0.052452942456182476,0.7449129437359624,0.6920427275379699,0.9475470575438175,83.50478225717046,0.9084686214766027,0.888299785665352,0.4812009096542257,0.9314471013524717,0.7332601935773186,0.8589276863568575,True,81.97000276596967
agricultural_residues,hybrid_biorefinery,28.45605136703098,76.53298642611165,5.597914059675294,27.473483856477483,17.493873129241507,3.331752343442606,630.1088355969431,17.51474103872968,48.26780640021695,0.22807174824559023,7.568819195455155,0.7607461575116553,0.897264180952131,0.6629377930960829,11.184718544361504,-0.4050915639628911,0.8127959683447008,0.7112881485299485,0.4777369095832057,1.1867053450417029,-64.02984469139614,106.00561911300112,0.8969716535926355,0.98,0.14474998481533002,0.7377398563412887,0.7031508647881161,0.85525001518467,84.16925107180649,0.8332039052608344,0.8830864248730498,0.5316437429644705,0.7824060826564441,1.0,0.8690710453212535,True,81.93768944405309
agricultural_residues,hybrid_biorefinery,23.35070289994751,70.49243942359003,6.163000304709032,51.646486359605014,20.229861384489805,1.660018427699098,888.3951838158382,24.218104374268826,44.837348693101234,0.15701573928923335,6.807695944815485,0.11156846625617729,0.7227993338470191,0.5953391352536817,9.806551726117355,0.25534708171416537,0.7249763599899257,0.2167804108883515,0.7482704068241348,1.0777382229843167,-76.14125156900904,85.12339941896236,0.9243729500126343,0.9112388349728228,0.04729140012399492,0.7691980560234002,0.7890845173778004,0.9527085998760051,79.86975046025313,0.7533311114543468,0.9059500728108835,0.6961643620314772,0.9397819461922279,0.7770999444331185,0.803437599311429,True,81.67387315017093
agricultural_residues,hybrid_biorefinery,22.81582683381569,62.99972160326966,13.216589917088719,42.90013733809874,18.610735395331375,0.9993531151990283,670.2306757295255,27.536237719705518,44.48807185247208,0.10160799052217671,7.296949799341391,0.4030683138865892,0.8854337523247111,0.6270913781717303,16.66757903101816,1.0686795840105632,0.6521975377800572,0.36151976589289103,0.4641555158861756,1.0895687575373412,-25.906724347291075,91.79367507829538,0.8812888722760779,0.9679042837040052,0.0675912098210785,0.6387187645384184,0.7565805209829762,0.9324087901789215,81.87216330788743,0.7620028817014918,0.8111184354687437,0.6436125788925263,0.9070018674458694,0.960789846515357,0.834005162244535,True,81.19182640523786
agricultural_residues,hybrid_biorefinery,29.05820544494299,78.77165659383866,17.761925135877554,40.551274025148096,19.576859586654074,0.5,742.6905179524254,21.455899008860655,46.50613002589809,0.21783998790026035,7.0993182043144145,0.10617714040663417,0.5902867042056174,0.7221727499046018,12.208451364025338,-0.6643595656779093,0.7963490944129156,0.1601928568147516,0.6551895818173465,1.019928503046883,-58.156755640708056,90.66401105461486,0.9087915666868673,0.9410066900995347,0.03649104824575721,0.7224850795862547,0.7472052651197096,0.9635089517542428,80.97449396863522,0.7109566433267797,0.8719993363358224,0.6525126396732632,0.9572223257002128,0.8735970959753946,0.8203019121614517,True,80.99689195879795
mixed_biomass_stream,hybrid_biorefinery,42.9175875868611,66.13472930685384,14.048563976862251,21.22920145098998,18.04574714707033,5.9619796559685145,611.7389300347147,26.95872425562873,59.22428896098019,0.32048584052068674,7.427323012112519,0.3735162582167343,0.8980437471782544,0.8305474396068908,7.784152499952912,-0.48290366417309816,0.9374740174370229,0.06036143702933827,0.6532415627119327,0.9938183009490063,-54.00882774712109,104.84571804884452,0.8914578337435423,0.98,0.01352570873975864,0.7117112409016132,0.6668204575306522,0.9864742912602413,79.52684662521453,0.6918178907467939,0.8641689691465414,0.5407820263427456,0.994306694897607,1.0,0.7982030471210907,True,80.58392026035798
agricultural_residues,hybrid_biorefinery,27.20292882089292,66.7561053970289,8.64468406347859,35.693309028996694,17.544341944576004,0.5,657.3094069498435,26.29175565859314,38.224438473327034,0.23164345912215173,6.710677641373687,0.5576641247654589,0.821342209542898,0.8207342388382092,16.907901049526906,0.19118115771865,0.8401734360279869,0.08283685457259304,0.5190673126724588,0.9531441612301136,-46.8791658517065,101.01297044172136,0.9108799581493514,0.98,0.015964339537106208,0.693192638575861,0.6780445026194599,0.9840356604628938,79.8066751022075,0.6620037861463947,0.850709749987299,0.5709783377641554,0.990368800367402,1.0,0.8024747309504586,True,80.02557654860328
agricultural_residues,hybrid_biorefinery,29.798488936149155,74.19498288951748,9.976453478087597,36.81856747688058,18.613154723386295,0.5,532.8748698342544,17.86084141369759,57.42714755234285,0.12509283232103555,7.257072867131878,0.26493491227478955,0.8047664414067257,0.8267045791323385,32.96297671320756,-1.2231908450419269,0.7628846363182312,0.03941937110317214,0.793613451781724,1.0195643928349627,-42.02641138543266,116.69948856365816,0.9560981559274142,0.98,0.01,0.6805880815206042,0.6100963318781225,0.99,82.64821882220913,0.7106897508978485,0.8415488266720463,0.44739206627388894,1.0,1.0,0.84585193290506,True,79.96535444594083
agricultural_residues,hybrid_biorefinery,27.23783232001384,71.05551405465222,6.847952139043469,34.956560191062906,17.35072372527315,3.117794470708757,536.0830597333727,26.1840044154811,51.87455308792568,0.12252599768989353,7.479930481191221,0.15906738857509345,0.99,0.7496313201736884,29.694425309881936,0.00205666688189865,0.6291049288324196,0.08493746443749033,0.5015204952134575,1.082951985006015,-30.49111942582806,112.94161666186997,0.8562809535944105,0.98,0.015810165742574184,0.65062628422293,0.6438198753230603,0.9841898342574258,77.19651358909073,0.7571527939128033,0.8197727558249819,0.47699846926720657,0.9906177598010518,1.0,0.7626296628307501,True,79.66357513453126
agricultural_residues,hybrid_biorefinery,14.711131001091434,64.85959340799201,5.566119695609802,40.78251450689979,17.579228010528144,2.804972586477788,443.6426382462013,25.73049651442617,46.46183329023581,0.1910246009726744,6.827352423431335,0.2852541082179974,0.8673219545822477,0.9075002036151552,11.876186959393932,-0.1006233219235494,0.547499640384727,0.2528180826662618,0.4226270500811523,1.0209937377667262,-33.78586419295471,99.7785698700548,0.8488422830723834,0.98,0.051664572796319204,0.6591840628388433,0.6994682545715493,0.9483354272036808,77.80092874443895,0.7117374593337285,0.8259925026439783,0.580703565695036,0.9327201585839032,1.0,0.7718562807685331,True,79.4684368520918
agricultural_residues,hybrid_biorefinery,30.846692718902204,59.8200006433638,9.068232385981975,39.25115263594691,18.893700012257778,1.617000818690109,514.5913933631987,18.205981086061975,35.58843478087222,0.24262115261900394,7.360849539759859,0.49601188795356843,0.8018101017575976,0.8284937184238055,20.38741464976475,0.8982825550678827,0.8240978550594542,0.17505917530347062,0.7064337493479962,0.9796441732914692,-22.5035941745741,96.13402480031938,0.9449703826424537,0.98,0.035920169695446154,0.6298794653885041,0.7095531665434949,0.9640798303045538,78.873702031759,0.6814282690480482,0.8046940810612105,0.6094171229641249,0.9581441788659838,1.0,0.7882325565259783,True,79.31537816730294
agricultural_residues,hybrid_biorefinery,30.608370639025065,76.70914029919425,8.767691673569406,37.34173475104416,18.7669444857826,1.5504526035357038,572.0330800811593,22.732688476809013,34.347465317697335,0.19648943323168697,6.343516148320648,0.9097502602869083,0.9419510181292857,0.9061409091478314,6.752788846041277,0.004155613597267037,0.7162030585062569,0.22013092495443168,0.6852747187308841,0.9361130724753892,-46.93875976392484,100.65165341575961,0.9732455322809238,0.98,0.04014693812099997,0.6933474279582463,0.676199331651114,0.959853061879,79.58853262283026,0.6495200147599237,0.8508222500661062,0.5738249748392191,0.9513188044462334,1.0,0.7991447063880285,True,79.14840744480756
agricultural_residues,hybrid_biorefinery,35.69143498405517,65.84366549895499,5.121472585104632,34.21804182662557,17.68837482318107,2.208137932666884,787.9654245251362,19.4218861546851,60.05634617495214,0.13574558692936675,7.2554821341096405,0.10978083175535146,0.8157451578237561,0.6762411070057273,29.686757257569383,0.948243797412747,0.9643852287156646,0.27317635989881794,0.8519446844688353,0.970484626917997,-57.432389292012196,109.62305086959869,0.9463116721289688,0.9741955389945322,0.056805853174263274,0.7206036085506811,0.6365431922924926,0.9431941468257368,79.16215327176643,0.6747143305220401,0.8706318934497932,0.5031437979994257,0.9244180326940075,0.9811839331089982,0.7926358699797831,True,78.45372429732939
agricultural_residues,hybrid_biorefinery,21.225387156731717,68.8525896998651,12.940546249712304,45.057894548062706,19.712592939030046,1.2732711352733599,569.9685065497437,17.156870819433305,30.700337453391047,0.14657734684654253,7.095277591904295,0.2580236326336418,0.7133402543018724,0.6628859831868008,25.378559308102666,-0.9680837161904909,0.7114497563081911,0.1186966867292473,0.721892347907398,1.0474042611340342,-50.21875644719337,109.53854728702572,0.9322020796406273,0.9367209933865042,0.02565575413609593,0.7018668998628399,0.6539102675177733,0.9743442458639041,77.53967256847048,0.7310963471102403,0.8570141557762623,0.503809559681947,0.9747191298306318,0.8597043407392122,0.7678681098925754,True,78.41025382098663
food_waste,anaerobic_digestion,63.442536343627694,81.99926347765215,9.05881384816791,20.42434530551406,11.922732109794222,0.5,43.44822857932792,25.761053418357367,9.790021588292237,0.16071167008743967,7.644169083243246,0.5689848256821005,0.7936711777085805,0.698309634472707,13.088858505851041,-0.45058887154495764,0.825783296433965,0.24432103990801685,0.4842859853569694,0.8942715556787398,19.001138944788224,64.27046645333354,0.8230902823938104,0.9683623114891557,0.05613051957673814,0.5220749637797708,0.8584741293370409,0.9438694804232619,76.36670054026912,0.6188502239042064,0.7263423573197751,0.8604542455368891,0.9255085595924009,0.9622746151157856,0.7499622637863751,True,78.18884191663294
agricultural_residues,hybrid_biorefinery,23.223188784001465,69.02818284171158,9.46493360670258,46.77822527372841,19.663472853829653,2.1952815305101385,455.5447313996993,20.87971522349785,55.246605166861656,0.21101013548626346,7.2097597572027485,0.024291987778981238,0.791956025272481,0.700429396905683,29.373687426467058,-0.44699480899690197,0.4509259326255796,0.09044795554987335,0.5718573116038883,1.0229514440068948,-33.80455269516354,108.93939503982203,0.8695407162097195,0.94175238227482,0.01914917777468032,0.6592326044030221,0.6516840806298219,0.9808508222253197,79.22608619707556,0.7131724560914873,0.8260277823880497,0.5085299821307865,0.9852259320459767,0.8760143736239218,0.7936118294180144,True,78.09612452850124
industrial_organic_residues,hybrid_biorefinery,39.9117902011497,75.37082363844615,10.82727167306014,31.615161293354703,18.60839545970306,4.108029319110124,643.38266976231,28.047437134016036,48.82227137551995,0.1984336053685244,7.567265898109245,0.34870605617334643,0.812634088017258,0.7647203185355151,19.454431650440526,-0.5662646748908601,0.9015645920538871,0.32465739876546407,0.3992733857893228,1.0521659222125817,-18.951674477045003,105.71361699573686,0.8389586257074275,0.9747385513354002,0.07287964472163748,0.6206536999403767,0.6750890450144686,0.9271203552783626,77.22979176628105,0.7345866400199026,0.7979888450561455,0.5339442823613867,0.8984621168239599,0.9829441924196884,0.7631376663509862,True,77.88265665506185
agricultural_residues,hybrid_biorefinery,27.26061546259657,73.4942214037288,13.681464084775072,38.884864281614526,18.448880160663442,1.486948536730728,630.7325680588275,25.16847621774168,73.93000329729753,0.2201906600842225,6.920762607608801,0.44009314707680214,0.9222423281953557,0.9073468462657346,47.96270878184759,0.9551127586486851,0.7554757722640487,0.20075194285814846,0.8000826016760575,0.9985198686313204,-24.897067024747734,121.93825188346118,0.9648194624280434,0.98,0.03714235090194117,0.6360962779863578,0.5778940980280423,0.9628576490980588,82.76762008390651,0.6952641352558391,0.8092124265472569,0.4061184566122896,0.9561706039020282,1.0,0.8476746367423524,True,77.68941086041937
agricultural_residues,hybrid_biorefinery,15.770096142179774,64.94743807857508,14.664850482472616,37.420113233206365,17.180311480900365,3.964252989452151,463.08262062607207,25.593566695246572,32.74721683882252,0.22164640254070364,6.9906599664290905,0.616489823439939,0.8853394810324068,0.8677428853152211,26.336983428120888,-0.6183808431054827,0.6716848515193125,0.2605101393044105,0.7801422089571521,0.9050173055750217,-46.57108439320683,115.24581750316287,0.9566049671883181,0.98,0.05485554042255998,0.6923924269953424,0.5925468729993318,0.94514445957744,79.92133766296514,0.6267268480597915,0.8501281605753925,0.4588448172887033,0.9275673925419496,1.0,0.804225096788438,True,76.71402672324305
food_waste,hybrid_biorefinery,67.71240495177503,78.54842871960543,10.578300632010572,24.082882455592184,10.58456262429456,0.6067717011778151,568.474163996946,27.088006003790852,72.89309053542831,0.18971118829671738,7.365315129932942,0.038733528771735644,0.5941387782505806,0.6313187520854592,15.546305515891351,0.17168745162968813,0.638785374925111,0.20899870379349306,0.8158901851523761,0.7908554463614161,-17.77546905108627,92.30414586761165,0.9428238266815882,0.9673602997790514,0.047706984071238,0.6175986209119124,0.6881769041594501,0.952293015928762,78.94321635503303,0.5430463170026212,0.7957684302824168,0.6395908335271181,0.9391108623387517,0.9590264376631108,0.7892937180411682,True,75.59633466626808
agricultural_residues,hybrid_biorefinery,29.760651962034842,65.45631203428601,8.029483323434036,49.124461047452556,18.688905751811017,1.7384816228508355,674.7371175635847,14.9234406417361,42.96801465662259,0.3325922457580094,6.86833858866479,0.38298576490179187,0.8094475224673356,0.7291783197619597,4.7780418387336905,-0.4757000327157176,0.565492414888813,0.025494214284233544,0.5263069195649671,0.8589304025318324,-9.077413135616657,88.90346581371307,0.8900462197234292,0.9455022131671512,0.01,0.5950062678847187,0.7210517105900922,0.99,72.62920476799323,0.5929451932409221,0.7793484313339475,0.666383099670929,1.0,0.8881700361106855,0.6929080267611614,True,75.47152113726554
agricultural_residues,hybrid_biorefinery,27.50150854474301,69.6774676315298,8.060201518883394,35.31179022677134,18.70515521499854,3.3289628691857556,599.5111128576394,22.207200576231074,49.20939110271338,0.20339433267928186,7.257767504761461,0.2865969587975269,0.25,0.4684002554487674,15.716051509851374,-0.62983366668788,0.7813842017956039,0.09232790240379614,0.7947166304076035,1.025067388586803,-51.50354121489412,109.90075456107698,0.9383041742214028,0.8491128495789501,0.028974517650176095,0.7052040031555692,0.6470898014834283,0.9710254823498239,81.74220566393657,0.7147234413973849,0.859439544246936,0.500955908785127,0.9693599993286489,0.575708859931158,0.8320213113794153,True,75.45689651697967
food_waste,anaerobic_digestion,73.39085191990415,77.5951596230211,9.151556927270118,23.138711840026026,10.965421176575857,0.5,37.8022214132974,27.745986991037693,12.971674784616015,0.3015946080226455,7.5326011255544705,0.40122842709520384,0.6868171215691918,0.5759929833185351,29.97432273304193,-0.44758715791691395,0.876098982529324,0.2280861636030969,0.8310431658224225,0.7583710341789502,-0.8743465769194003,68.1651053186606,0.8963590656232221,0.9445967472161745,0.05671697465704314,0.573699601498492,0.8080779153158922,0.9432830253429568,76.79516410686452,0.519235274669975,0.7638628624232582,0.8297703236859497,0.9245615534873948,0.8852348268147572,0.7565029165053792,True,75.44646087748771
food_waste,anaerobic_digestion,54.60114174059402,79.87674553212958,2.5746581485654065,20.338574839920668,8.595204249758417,3.673869341421147,36.71362241157255,30.297037258351704,3.0,0.19030195109766876,7.441565997536233,0.3972474573432552,0.9502223053850165,0.7526799030062992,14.894090446278007,-1.0043571891418086,0.8747004919567374,0.5215118780864992,0.9093413565606107,0.786801350924999,-10.166208175739992,77.34287859731107,0.8933980503376652,0.9737858405607279,0.11989174192586582,0.597834306949974,0.7660285151123889,0.8801082580741342,79.27403019028588,0.5400746690160456,0.7814038347008225,0.7574632144043034,0.8225471072065317,0.9798558316490458,0.7943437119723301,True,75.43437530794654
food_waste,anaerobic_digestion,73.10963126728208,78.18941600004408,8.356990856342241,9.592017126751823,10.821157456104928,0.5,40.64840277735361,28.368881716903,16.61463739395785,0.22023711747342573,7.257860467008216,0.8285211125677608,0.771978794274468,0.6472204067724592,17.47229493366417,-0.732414823330233,0.6100234350082554,0.20565850632071553,0.8338549238198006,0.8018535696052023,24.30661807708522,61.5726222884439,0.9312454199603711,0.932190894645765,0.04803823947369631,0.5082944985010774,0.8523413522160713,0.9519617605263037,73.52597444811101,0.5511079305748934,0.7163267903218089,0.8817092174056441,0.9385759519952671,0.8450193181594592,0.7065975432192119,True,74.88983753689286
food_waste,hybrid_biorefinery,69.83874434055592,92.88995340124012,6.891638392456207,21.8137228398709,9.514708380493264,0.5,780.3096819859521,22.394158256251725,58.19650359667934,0.01,7.211536820422459,0.7575735342883857,0.699479874170881,0.8028683678508574,17.397965376959213,-0.8077178315156163,0.6851274045324924,0.02,0.3970933120145134,0.8209385549916174,0.2146930173164332,104.2300260628469,0.8963792107466992,0.98,0.01,0.5708709272277496,0.6320273975568564,0.99,75.80367715350289,0.5650972061819538,0.7618069973924999,0.545632757164232,1.0,1.0,0.7413675063026125,True,74.77499337335576
food_waste,hybrid_biorefinery,66.23070853408142,78.75773278069931,7.200567500704888,17.74100711187257,10.669896362399957,1.6667976281869894,598.2981930081637,30.911738147858237,46.25664934464087,0.23629704400960835,6.821279711657469,0.400760723464485,0.8480636127142879,0.8352612395413208,16.84669544525857,0.35436967642654194,0.6712724233105797,0.1525688632494946,0.4441763536677588,0.697013473252608,1.5829389744931142,84.15217295822279,0.8714373628967896,0.98,0.03024447762445308,0.5673170416246932,0.7104367906512433,0.969755522375547,75.93304502243444,0.474260242570313,0.7592240527211359,0.7038161720840621,0.9673092713374647,1.0,0.7433423540368143,True,74.38077317473642
industrial_organic_residues,hybrid_biorefinery,44.78298810964239,78.79439393124977,6.700643098946916,23.830314547885678,13.672204215879097,1.6536863045573167,837.0159404251762,28.918405271360616,34.05856883354324,0.16632339633047438,6.638016069917921,0.3318951239766611,0.8486864225724882,0.8327784620272038,9.138708830087815,-0.20091578797509188,0.513940270988355,0.21960697510900432,0.8245066608715766,0.7276264015997476,-1.9860068247983502,88.56888118706915,0.9611024710041258,0.98,0.043488350687832,0.5765870307137619,0.6939258021042121,0.956511649312168,74.50236399349127,0.4966994890835517,0.7659614302272157,0.6690191254724138,0.945923100314063,1.0,0.721502485979092,True,73.93138877895247
food_waste,anaerobic_digestion,82.53288694299057,72.73169980172825,7.963383649346795,22.44942068099393,9.657700141598022,3.8460488677175104,43.26593744762378,22.1901055864079,3.0,0.0844642893257239,7.5294566566758965,0.4492925452875484,0.8667116004328956,0.8474982139633507,26.988206134767513,-0.9435378755111608,0.2616520273191729,0.04842363796854858,0.7549397371094531,0.6663926435738132,41.42625531708974,69.17635439411964,0.8577559958263447,0.9747538203659767,0.012025831573358708,0.4638279082672994,0.7825203058277144,0.9879741684266413,71.21983519757576,0.45181520438870526,0.6840087150862721,0.8218031953651538,0.9967286925595614,0.982993689367022,0.6713934858958062,True,73.09154963128934
food_waste,anaerobic_digestion,59.001759282858764,80.59208189138367,2.9595876589825227,24.594015000578263,11.531526334113451,6.0323791170232415,44.70167990231488,22.27130941841452,24.2426797444384,0.2531068516701677,7.570159694838475,0.8791001291594074,0.3990320138676843,0.5985877082841949,17.355027159905504,-0.860582098152306,0.7272822241505722,0.15410353862625284,0.7033492069353499,0.8535169484943538,-2.426439822611286,73.3709377628539,0.8639386582474274,0.8604157746953506,0.05728093901426671,0.5777310125262631,0.8016108983379479,0.9427190609857333,75.972099851481,0.5889771367303654,0.7667928699686064,0.7887561600085948,0.923650865342245,0.612349056988875,0.7439385402559213,True,73.07659475181114
food_waste,anaerobic_digestion,72.47551099335726,68.24991561871,8.514807848093021,16.566581208201036,11.059178402078196,0.5,37.669994907942495,29.09596639681095,14.365255983486104,0.1865133591417237,7.896230406325638,0.3246098934436003,0.49972460838915056,0.5905605602642479,15.119853411372606,-0.9579973306294319,0.6369522746843005,0.33142143100668936,0.5816925983496788,0.7212186237300974,6.150366683832786,50.18876294581233,0.8278919410629079,0.899834051991834,0.09339415222387352,0.5554535930290058,0.8945167132952934,0.9066058477761265,72.85926061722633,0.4920025941772991,0.7506017629918662,0.9713969811521449,0.8653353446324614,0.7401295591991586,0.696419913262424,True,73.04031985357973
food_waste,anaerobic_digestion,71.5030688007315,83.42504464686643,15.312991912557248,6.0,11.303966540176988,4.748096776578277,42.83074820084017,18.587317048534352,19.68552914022196,0.21421400914537952,7.59877345326885,0.4156998100520222,0.9714525532199673,0.9219918343184794,16.56615615833457,-0.784830911153126,0.7898736690113219,0.23299791155641666,0.6775002480786965,0.7717439760189402,45.1449538398163,62.06096614397844,0.829394369387788,0.9513667360776014,0.054725049562393845,0.45416895106541216,0.8431470108084909,0.9452749504376061,68.74936520241663,0.5290376279486928,0.6769886376774518,0.8778617991422951,0.9277781088361294,0.9071808030471666,0.6336808597804706,True,73.02605396575053
food_waste,anaerobic_digestion,69.77673540866824,83.76812490557558,8.039963496294119,30.65790898414737,10.89503626975633,4.100431424656104,42.51785875759181,23.56094770972531,4.445210513559866,0.27620283952022084,7.063206812921815,0.30419949180019856,0.8579796709888843,0.8004331120934477,11.423796554242575,-1.0164030778901976,0.5997499904402023,0.2379563189997444,0.45506630040739576,0.7310776996892024,50.88598208966071,58.886579191965794,0.7693995144732722,0.9583761658308835,0.060091751610182535,0.4392571893775047,0.8509077297633836,0.9399082483898175,70.73992850589751,0.4992292872048472,0.6661508506200102,0.9028712145279801,0.9191119726328906,0.929902964326447,0.6640675350973858,True,73.02024997551756
food_waste,anaerobic_digestion,75.8323437658726,82.14382268808235,4.031686327391211,6.554997327746278,11.089074784870766,1.8420903842841754,42.120037106197266,22.595970708680174,3.0,0.2043372201436634,7.554134378093991,0.5365419230711362,0.47257719232014034,0.48058726053968137,26.927641829384825,1.2074792927051117,0.5724691893695812,0.10252892119287806,0.8651797322337127,0.8534577139766469,13.22436231746315,70.00120983225662,0.9063236542141299,0.8476277196756797,0.03110015676040042,0.5370795783961996,0.8193332769050906,0.9688998432395995,75.21616944619694,0.5889337178868675,0.7372476293791925,0.8153045697730754,0.9659275229429465,0.5708945794018482,0.73239898672985,True,72.77242094574753
industrial_organic_residues,anaerobic_digestion,45.351825187021134,78.09399333361961,14.919796269521203,20.96018831984324,16.11812128175178,1.8919004505038766,39.36872153561377,23.6001038286901,13.158679809712922,0.22081985300047133,7.711727398543051,0.21524028825808797,0.7142714375893814,0.6973172380270609,14.660420354201337,0.8889538710418871,0.4180952648299572,0.37049326565558416,0.6321846641572225,0.6820128172792476,34.91923252875962,50.815312666730996,0.8220220859464256,0.9457535933928548,0.0957935628929209,0.48072926615906597,0.8825938057660081,0.904206437107079,70.35754116601632,0.46326477642510927,0.6962925298122755,0.9664607076394577,0.8614607826611971,0.8889849243729131,0.6582302527954617,True,72.30892979212936
industrial_organic_residues,anaerobic_digestion,40.60187955191379,72.98695270826967,10.552819975628212,16.585940097654625,14.708553022000942,4.283980685797964,46.30338484100193,21.47959722051477,3.6896707290447033,0.24205895648295828,6.941744951436849,0.1949455632914859,0.895079713356966,0.8912190175339012,9.361967170825686,0.5576692613943264,0.8257132793076701,0.13685303827219,0.8725990166171014,0.5856506293238405,40.95198828979459,66.53065381243728,0.8637575344170084,0.9659398508235966,0.033751222680547636,0.4650597706758582,0.7786818025963118,0.9662487773194524,69.09360655650023,0.3926313869771358,0.6849040259655261,0.8426473538857433,0.961646588741051,0.9544218305280273,0.6389358296871809,True,70.71833583918873
food_waste,anaerobic_digestion,69.62458471547357,72.5904937398408,7.6663080805288635,26.157500061727177,8.052969121838201,1.1542271289280217,48.09491488789746,29.83819449429057,3.0,0.08781640503593964,7.185944407484762,0.5118418050664696,0.909345569037607,0.6717396040237325,22.306873212142655,0.4725046526418699,0.465159972004341,0.18208906939103667,0.40643725839707934,0.6942900378254269,101.49587723253698,60.90445958261027,0.7944770691020913,0.98,0.03918685760361994,0.3078029162791247,0.8321940210446979,0.96081314239638,66.9463136919291,0.4722639670680018,0.5706106019593635,0.8869733389220276,0.9528691399140128,1.0,0.6061566204191555,True,70.6123610151568
food_waste,anaerobic_digestion,67.28345333353921,78.21580823481733,8.398841212469526,25.233097284018765,10.746898393347966,2.6573521605834687,39.51930175306588,20.189842243874917,6.414320953124696,0.220385877271004,7.28808587510697,0.46765656030564523,0.8562261204077457,0.7717206812963064,13.157729839308871,-0.8864554390306317,0.6246931363200833,0.15453498963084336,0.8877084122622749,0.5386557364221227,76.45196657820912,49.516136708661655,0.9007381627659361,0.98,0.03696050869270021,0.37285203486179447,0.8578930161778057,0.9630394913072998,67.79594804195614,0.3581841764807434,0.6178879465299203,0.9766962686109552,0.9564642422182134,1.0,0.6191265988605459,True,70.52025466058957
food_waste,anaerobic_digestion,69.78646664758614,76.55651507529168,10.823567837826115,19.547520160083273,9.240149965183635,1.5042795708323005,37.883178291306514,28.79167417298894,5.880187435591528,0.22419103800485576,6.946778722302288,0.1939834689894917,0.9529289861236083,0.8323739820442108,22.991925523874116,0.7846448421454084,0.6731028317117752,0.11669382822313094,0.6184917331437392,0.609530794807258,77.37654726122133,66.1185042431451,0.819611653809268,0.98,0.024544939061409452,0.3704505265942303,0.7861046472620963,0.9754550609385906,66.81522140875259,0.41013552490157607,0.6161425434202628,0.8458944752780878,0.97651287106093,1.0,0.6041554488721508,True,69.93664503199932
food_waste,anaerobic_digestion,67.70001758656875,80.03997543313027,11.13401034507852,24.78589140550709,11.341139431887878,2.154221197542101,33.4745005479727,18.168280801135552,5.612478053652566,0.18429903682570464,7.440635721774683,0.6633340594368318,0.8854070874717982,0.8426486808083204,6.9729669387436815,-0.6306415065442845,0.8766011253166749,0.1201227863391493,0.9123509859870412,0.5013841294918436,70.66777576224162,57.22446278767291,0.9260749228689122,0.98,0.027490038446414438,0.3878759071110608,0.8091231253951903,0.9725099615535856,68.7545251937715,0.33086412508385654,0.6288072149318417,0.9159662026950549,0.9717571324014594,1.0,0.6337596289317277,True,69.71615223422607
food_waste,anaerobic_digestion,79.52497020410541,73.37884422312646,13.108214530868636,23.67041442914181,11.131634718383502,5.14829679217333,38.928519496896456,25.997014577471802,3.0,0.19158134797575604,7.380098431301713,0.6451418608912692,0.5876813753981674,0.7407838544918887,9.369238359128355,0.16885272965956263,0.6850887973938363,0.033380976489433695,0.5143338251016637,0.6344421677463603,58.180164234505895,70.21203998340741,0.8041567276015043,0.9110049057932825,0.010682746413189807,0.4203112617285561,0.7700402243599498,0.9893172535868102,70.7445339206138,0.42839553688164433,0.6523810537467472,0.8136435439102347,0.998897502906573,0.7763416264625369,0.664137838433853,True,69.19398194467252
food_waste,anaerobic_digestion,66.1444963314633,75.77184627559839,5.98724745894394,9.505203074763022,10.429363895000536,0.5,36.576164927678285,19.27255053230733,9.77544387229845,0.21699044173153553,7.370579693445254,0.5509356907033535,0.8468804502859437,0.8150904914323733,20.005705949474862,0.2797480360742219,0.3320795216927375,0.44406913431271966,0.6105640051654481,0.5826255341195544,57.3432825374159,61.217002176738745,0.8532158565476304,0.9624238337902196,0.09783618917795998,0.4224849804222963,0.805982869207677,0.90216381082204,68.60788182369139,0.3904139951534838,0.6539609006366447,0.8845109713277672,0.8581623551649736,0.9430241121821547,0.6315210643675109,True,68.77983487593067
food_waste,hybrid_biorefinery,63.4787578933515,68.93012745439944,2.083313815752893,18.45316747600075,9.739103822104525,1.7061078202679205,826.066569413243,17.51978181758738,56.01945122336417,0.12379096242184051,7.100788024095103,0.16181450075339085,0.5950230301098516,0.7037038041088457,5.931315442845614,-0.04485951580734332,0.5864249917736866,0.44640211920761164,0.9303179229275979,0.5489183125151431,6.496843970833857,81.82161222912563,0.9735818860502953,0.9525951593974079,0.10668261729689299,0.5545536520238081,0.6901219643895125,0.893317382703107,71.50699638195168,0.3657066347114886,0.7499476907780847,0.7221775005032711,0.8438771665504082,0.9111629290936976,0.6757771061795685,True,68.07357893642235
food_waste,anaerobic_digestion,71.93718925089239,73.03496409501896,7.103553331553773,25.67470121637685,9.504882592347851,1.9005688314545077,46.6426538104485,24.70802312727082,8.954101707044174,0.10835163400798832,7.142930096831917,0.28203378805286206,0.6031253069695878,0.5247728931398579,27.380216754541195,-0.436798001905609,0.8404838989984882,0.11932000546696737,0.7367787959946263,0.6389377092048943,81.59690506769077,62.48082147981423,0.853453420222704,0.9173337636679402,0.03335368027992519,0.3594885582657382,0.8117198671839493,0.9666463197200748,66.18532955580183,0.4316907643703258,0.6081754446319985,0.8745539678493407,0.9622885391529947,0.796857607705416,0.5945399198473192,True,67.87268116993461
food_waste,anaerobic_digestion,70.86999865139128,74.67042564937992,9.950995088482147,20.976642794133653,10.25347900987833,2.173680824727695,40.451244427558166,23.846482581218186,13.402719203100316,0.11341107390503438,6.998228041381441,0.41294629770644087,0.8602410303236308,0.9084987447976962,30.479287343586364,0.8948781046922347,0.6013542042408058,0.44313537433002836,0.7146913010465223,0.6128566449743688,84.6679301434288,72.62621713157986,0.856492763305052,0.98,0.10361008194216792,0.3515118697573278,0.7525852138334145,0.8963899180578321,69.38826735298943,0.412573369818587,0.6023780309335354,0.7946234433282964,0.8488386884750856,1.0,0.6434339342869609,True,67.60688780010517
food_waste,anaerobic_digestion,82.73944890272928,68.91261733774691,15.35611986613285,30.507459941892932,9.2945024335114,3.797996541400789,38.02487514770933,25.049106598588985,31.27681956349427,0.10507444999961539,6.822498872815676,0.3962576935289443,0.7640496762008595,0.598475767068625,14.031829052642458,0.8367543554673422,0.8334933972118665,0.19959932660015658,0.6402801507650118,0.5090132413549225,65.86048203961366,56.546755003800456,0.825184677383763,0.9239276603837476,0.05362871255759642,0.4003623843126918,0.8143684130780806,0.9463712874424036,68.40956000039321,0.3364562566117996,0.6378823184535546,0.9213055251321737,0.9295484709176504,0.8182327537456968,0.6284936093540069,True,67.23111289956924
food_waste,anaerobic_digestion,63.444081366558144,72.74235561747612,10.237920358612776,9.738803223201316,11.540107720443359,0.8335078845522661,36.443640124242,26.24713434315629,7.642570402050895,0.1532531638588247,6.7878834427062875,0.5440139751126831,0.9415058501597836,0.9019514790539729,35.79243491358862,1.0743083895641405,0.6825786883130234,0.27274774699452503,0.8158064932886586,0.438765928799805,80.03910318176631,65.95455164811676,0.9016381861393136,0.98,0.05632540828044015,0.36353479693047713,0.7493992851353426,0.9436745917195598,69.6005035010873,0.28496504526990607,0.6111162288230165,0.8471861762000642,0.9251938538316348,1.0,0.6466737965467972,True,66.79070050124479
agricultural_residues,gasification,26.03211762355799,71.08032072099545,9.159527523840026,42.39340953844431,19.68208920477375,0.6023860510448071,686.5481111594601,1.0,30.264352744969255,0.26815297235470203,6.551717573853087,0.30678142286371496,0.6717086741410091,0.7767155931735086,36.61020264354418,-0.8898935371008347,0.9267150026222215,0.06302101501899769,0.6526193979558779,0.9468720024126548,75.24799005529401,98.02436799496216,0.5134806609607531,0.8446094908571782,0.023107727119958347,0.375979246609626,0.6923941142415095,0.9768922728800417,62.75411272937967,0.6574062998726488,0.6201607869706316,0.5945240494696191,0.9788336770841876,0.5611105192991485,0.5421611427121726,True,66.09330628882249
food_waste,anaerobic_digestion,72.11599760650002,76.14423323675709,10.31353264796747,13.930379297137453,9.369687916539112,6.814870175412803,38.84961511784269,27.319187903967197,12.419245000903883,0.08018985650688867,7.023992198328091,0.36557408194889707,0.7007199937343311,0.6129267960398794,8.64580366527832,1.0698750675755047,0.5225568845376395,0.0735570058080056,0.4555998943605955,0.5966833598410194,68.984657495702,65.24310657711277,0.755441808918171,0.8773441334014209,0.02308216925011966,0.39224764286830655,0.787885567706536,0.9769178307498804,63.26571586486394,0.40071836764692986,0.6319845686342451,0.8527912979365797,0.9788749478644757,0.6672249756087502,0.5499709512934375,True,65.44867838032515
industrial_organic_residues,anaerobic_digestion,42.21276235040273,70.81321603162516,15.476097905085297,32.01072903262109,14.20987287843669,3.251782454521196,41.36989207430904,21.135359691518925,14.810191977651673,0.24214669004615502,6.992288899149611,0.3438985485681351,0.6413794667863045,0.6918706698454234,24.341188406483745,-0.8825185120181428,0.9775981946908523,0.07346726731643287,0.7730371324163061,0.45976104495234393,86.6577580513666,62.99932161100297,0.858008689807879,0.915185406151083,0.021116357290037,0.3463434855808659,0.7695720529895,0.978883642709963,68.79054125223114,0.3003544448588193,0.5986216775054245,0.8704689632943006,0.9820493357929153,0.789893371283655,0.6343094272087753,True,65.35418709621284
food_waste,anaerobic_digestion,62.09291230432315,79.2989238452532,5.357856170935274,17.418366246451228,9.120967652916631,0.5,37.61722228683532,19.822629534824827,3.0,0.2780005647123225,7.828875107317482,0.3382534663173857,0.5457238091158468,0.5312942114681082,11.721395085117736,-0.8451874202949978,0.5194853560750974,0.5753250619058231,0.6286767536695482,0.53815120825238,60.19067943333058,49.40804746674979,0.840729465722778,0.9028040883361554,0.157439034150739,0.41508914432901145,0.8583509107273668,0.842560965849261,66.07266168228155,0.35781435782617527,0.6485856473051916,0.9775478499684149,0.761915839514367,0.7497573958700943,0.5928200036380125,True,64.90959076436286
industrial_organic_residues,anaerobic_digestion,47.51771553738616,69.27487339080305,10.63904298915569,20.205785259899645,13.903046287704152,6.30423502758054,42.38810896674526,26.38652890154756,6.9430095884490575,0.1430407480205863,6.712177004835236,0.36989203714852587,0.9415633853043437,0.9414022131758175,17.68703584375195,-0.7676036351249261,0.5601412631192626,0.6019614027430916,0.8470960431645895,0.4912965047060437,47.45389155093227,67.33741461223919,0.8572357285699657,0.9717849680271398,0.15344982379854055,0.4481717102573188,0.7536777857077549,0.8465501762014594,63.47716530564832,0.32346990599005426,0.6726298757705321,0.8362912869461596,0.7683576057886411,0.9733696908347828,0.5531988041790115,True,64.89632675732236
industrial_organic_residues,anaerobic_digestion,43.162968617167316,88.27064332022144,4.071137044817694,25.259735726280475,18.705267392670137,1.6390764543025345,41.56848168722844,21.43823393553884,7.5827629945227475,0.1638567085905504,6.48562084848947,0.5605352573079866,0.7729383151925043,0.720717328524226,23.238612122002305,-0.9273397102535245,0.7771978356972098,0.7245026683232041,0.863206054221772,0.47866950521532947,40.86302412676594,72.56236610808493,0.9091707989599642,0.9691870856183441,0.17748315700229592,0.4652908464239846,0.7234001011048202,0.8225168429977041,67.45192826028894,0.31421432772319596,0.6850719705588443,0.7951264937734771,0.729548643206605,0.9649482492689235,0.6138750113376386,True,64.54714260080985
agricultural_residues,gasification,25.27385439474152,68.55338636944829,12.415599119225377,46.72526483353975,21.726531883756095,0.5,535.1080551565927,1.0,57.878576671511624,0.2525299342827557,6.471596853905536,0.1784110787393041,0.9094989916191927,0.7192446000774445,27.499729070837848,0.2829068935207848,0.7533620203912762,0.5324283446578556,0.7520066633079682,0.9559389464740466,93.85837607523118,84.01551535252206,0.5287745521261364,0.8663235825837402,0.16179345629486813,0.32764058162277615,0.7681196453162794,0.8382065437051318,61.67881779421431,0.6640523609945449,0.5850285089250864,0.704892829365688,0.7548843302091371,0.6315001389416027,0.5257463730800512,True,64.27404695390307
agricultural_residues,pyrolysis,27.270063469212076,77.75835612232424,5.408019638245676,52.37434162688144,18.92414164728727,3.4426213763530753,682.5514484939652,6.12294208067903,45.04869816652445,0.01,7.023312830647897,0.634766352460917,0.8657122275058927,0.7366415183052395,5.778587342942618,0.1655056941176235,0.6954296661744369,0.08515439519191986,0.4164299477324898,0.7251934929476664,62.083057019957174,85.45550755310786,0.6107904454955242,0.8435676983364908,0.02580308189432819,0.41017387787024107,0.709776739221603,0.9741969181056718,60.67009285272486,0.494916169423009,0.6450132584536492,0.6935478472822141,0.9744812253582036,0.5577333861359945,0.5103478186972222,True,63.7379219204266
food_waste,anaerobic_digestion,65.7486278439792,75.93816424406204,8.173082101643002,19.716084794095405,8.693063165368784,1.3841912557776488,34.83699465866437,26.914937507164797,37.96696247796723,0.17033702475730775,6.9389844114186925,0.2766656004175195,0.7488196120183863,0.714134542700471,12.710144776263807,-0.9725933283211913,0.6263095407095839,0.551947058512478,0.6105833429908001,0.4021090368082452,95.70962609459777,46.55824826089996,0.825089744990658,0.9540826195590111,0.13623232243270106,0.32283214001403177,0.8434205761983405,0.8637676775672989,62.83849014799165,0.25809557932139177,0.5815337597918586,1.0,0.7961603812338137,0.9159847635193334,0.5434491948022308,True,63.27245264778334
agricultural_residues,pyrolysis,29.29472507455796,69.73089169260622,9.365736916515957,43.76726627995091,18.040541634324057,0.5,529.0072801262802,1.0,48.88098256182728,0.1431680665739043,6.996026853902583,0.34267392103122457,0.8894524394834541,0.837951382791724,8.345863606476113,0.12682685406186422,0.5915686471335962,0.05939471404555356,0.5962598017678451,0.5076282941410445,109.2324403512193,66.86894271638138,0.6529788641244593,0.903568876724565,0.015646907540452212,0.28770794713969017,0.7597364209406015,0.9843530924595478,60.35763832451432,0.3354410916596713,0.5560056879983486,0.8399821439264654,0.9908813887119334,0.7522365768759136,0.5055780862885965,True,62.67517322033693
sewage_sludge,anaerobic_digestion,72.49090324562638,56.57158722607382,19.097331952122477,14.44801002986293,7.685548965505747,5.3979133249158835,35.91378057465373,31.79314813271008,13.812855711007188,0.24221169186593475,7.542781191131984,0.4607170184101556,0.385474239995042,0.5866844974432067,17.316172989635607,-0.4287475548836957,0.8584763674927195,0.07994539951353492,0.4109433286930837,0.5400428792909582,114.68762826949009,53.33575586747507,0.7618078003716722,0.8366478915932897,0.029288090417746174,0.27353862787145433,0.8380949288783526,0.9707119095822538,60.9155130625599,0.35920095084580633,0.5457075040418164,0.9466033897017473,0.9688536428569852,0.5353017518412296,0.5140942477705531,True,61.673379547935234
sewage_sludge,anaerobic_digestion,80.54757078788485,58.41204122309567,25.157553340024354,15.395874744164555,7.209095108680757,2.99068452567223,37.64446793302768,22.534966956415023,14.216908649560466,0.1546958538501209,7.416038679230735,0.4607166984184032,0.803977233374329,0.7877245386435937,25.157107629731968,0.3314728935664264,0.6466042541446794,0.13804572028844386,0.6179654026557886,0.41146758896987673,165.34602378756122,56.89752089884834,0.8304138948577139,0.9473502672457216,0.03486990163472138,0.14195837977256826,0.7910622332636448,0.9651300983652786,60.24228788013854,0.2649553888953254,0.45007569743794207,0.9185420151678884,0.9598401489390573,0.8941607920357941,0.5038172196561316,True,61.03620031427888
agricultural_residues,pyrolysis,24.292130909551354,71.48002176978122,5.241297318268429,44.472801225977484,18.754772048484508,2.2789904289591765,704.5436706713273,1.0,48.676303265097616,0.0872978010479483,6.965599464945381,0.5757041725979897,0.561902486275397,0.5786582983829475,7.001695960744816,-0.4744099747481258,0.47759166152553556,0.02,0.558295563316857,0.6091007658202552,82.25470997639479,81.1161146494665,0.6496772916343391,0.8066428841295705,0.01,0.35777997408728623,0.7070752492727377,0.99,63.1625186904408,0.40982031407503333,0.606933654970701,0.7277357649146416,1.0,0.4380358339600495,0.5483956087623382,True,60.90067687207951
industrial_organic_residues,anaerobic_digestion,44.26063025071453,65.63022419976524,13.033849487884478,20.462759497380237,14.372478717605016,5.768913164372719,34.08416117326499,28.435078543812583,23.837696587522647,0.1287716507160991,7.436066280271694,0.29996529971419905,0.866063565053067,0.839759998887567,37.1027416965415,0.1300328155413194,0.9002159507507219,0.04354889023171229,0.29575154544538423,0.4189984833532911,118.2861505453241,80.2622782655109,0.7175527181878729,0.9534493637145919,0.011610695870231193,0.26419181676539194,0.669746622835035,0.9883893041297688,56.57003328523301,0.2704755271068137,0.538914292712817,0.7344627169594191,0.997399052589631,0.9139319657976354,0.44775891301433224,True,60.5563237611873
food_waste,anaerobic_digestion,83.97685852653524,78.8706036257787,9.944653167129166,25.61835600376176,11.303993002587069,0.5,33.16067689522302,28.140864890934434,9.764909148406272,0.144221462923086,6.922708195441948,0.8591556984295762,0.8574551961030497,0.7832569141135355,49.89842023395851,0.45729648172275733,0.4612306490871415,0.02,0.42834651821094544,0.3491799928299553,135.72416932069453,80.64305292149604,0.8323190854271025,0.98,0.01,0.21889826150468952,0.6523824777831373,0.99,59.66241201941054,0.21929864189446724,0.5059951838064548,0.7314627828985021,1.0,1.0,0.4949652030067512,True,60.3457546099883
agricultural_residues,pyrolysis,25.876311699803562,61.65783411398856,10.496664672469048,29.524078801981933,18.356007634975402,2.018852199170479,633.6427114378699,3.7857192951747844,55.92233473429947,0.01,6.392253213709648,0.28960822445302936,0.6122168205882994,0.5793140093978996,29.21934911619695,0.5279741650511975,0.7234166707100358,0.02350819765000331,0.5854929287183942,0.5057516632748537,122.3104510932174,88.12963934389636,0.6354099247416475,0.8542182177295782,0.01,0.2537390880695652,0.6474251588473291,0.99,57.19377574055019,0.33406552307167814,0.5313173065118879,0.6724796934109626,1.0,0.5922587081487473,0.45728056923996185,True,57.29623594880804
sewage_sludge,anaerobic_digestion,86.1671316004813,49.55847198531431,22.98966644431441,8.270579883713935,7.472822878873615,5.204129957513049,36.612480231884426,22.616147106391292,3.7353639533753613,0.2275490412987,7.447019478998669,0.6779103061850573,0.9417469003977298,0.82290120788791,42.39487111352591,0.6640256681828529,0.4492285456238247,0.03768692344985906,0.5156857018557508,0.3661596574463056,163.6859392687166,86.41306122786077,0.806725340256151,0.9377420469804874,0.01,0.14627028761372313,0.6257495392283938,0.99,59.94094285938616,0.23174471943784608,0.45320956853726646,0.6860037583075536,1.0,0.8630142454324451,0.4992170779334548,True,57.25000170745379
